filename,setname
f1-normal-a-0_full-pipeline.wav.m4a,なら頭を外して、調べてみましょう
f1-normal-a-160_full-pipeline.wav.m4a,聞いていて退屈するネタと言えば、他人の自慢話。
f1-normal-a-232_full-pipeline.wav.m4a,できれば屋内だけでなく、屋外での、利用も行う。
f1-happy-a-103_full-pipeline.wav.m4a,その後、夫婦は、妻の方が、収入が高く、夫婦内で、うまくバランスが、取れているようですよ。
f1-happy-a-73_full-pipeline.wav.m4a,伸び悩んでいるゴルファーには、先入観にとらわれず、ぜひ試してほしいアイテムだ。
f1-angry-a-0_full-pipeline.wav.m4a,復讐すべき相手は、己のすぐ傍にいた。
f1-angry-a-5_full-pipeline.wav.m4a,や、やっぱり音に、反応するのか・・・
f1-angry-a-89_full-pipeline.wav.m4a,君は、こっから、遠い遠い宇宙の秩序の為に、厳正で公正なる抽選の結果、選ばれた、大切な『判定代理人』やねん
f1-normal-a-0_ground-truth.wav.m4a,なら頭を外して、調べてみましょう
f1-normal-a-160_ground-truth.wav.m4a,聞いていて退屈するネタと言えば、他人の自慢話。
f1-normal-a-232_ground-truth.wav.m4a,できれば屋内だけでなく、屋外での、利用も行う。
f1-happy-a-103_ground-truth.wav.m4a,その後、夫婦は、妻の方が、収入が高く、夫婦内で、うまくバランスが、取れているようですよ。
f1-happy-a-73_ground-truth.wav.m4a,伸び悩んでいるゴルファーには、先入観にとらわれず、ぜひ試してほしいアイテムだ。
f1-angry-a-0_ground-truth.wav.m4a,復讐すべき相手は、己のすぐ傍にいた。
f1-angry-a-5_ground-truth.wav.m4a,や、やっぱり音に、反応するのか・・・
f1-angry-a-89_ground-truth.wav.m4a,君は、こっから、遠い遠い宇宙の秩序の為に、厳正で公正なる抽選の結果、選ばれた、大切な『判定代理人』やねん
f1-normal-a-0_ground-truth-intonation.wav.m4a,なら頭を外して、調べてみましょう
f1-normal-a-160_ground-truth-intonation.wav.m4a,聞いていて退屈するネタと言えば、他人の自慢話。
f1-normal-a-232_ground-truth-intonation.wav.m4a,できれば屋内だけでなく、屋外での、利用も行う。
f1-happy-a-103_ground-truth-intonation.wav.m4a,その後、夫婦は、妻の方が、収入が高く、夫婦内で、うまくバランスが、取れているようですよ。
f1-happy-a-73_ground-truth-intonation.wav.m4a,伸び悩んでいるゴルファーには、先入観にとらわれず、ぜひ試してほしいアイテムだ。
f1-angry-a-0_ground-truth-intonation.wav.m4a,復讐すべき相手は、己のすぐ傍にいた。
f1-angry-a-5_ground-truth-intonation.wav.m4a,や、やっぱり音に、反応するのか・・・
f1-angry-a-89_ground-truth-intonation.wav.m4a,君は、こっから、遠い遠い宇宙の秩序の為に、厳正で公正なる抽選の結果、選ばれた、大切な『判定代理人』やねん
f1-normal-a-0_no-language-model.wav.m4a,なら頭を外して、調べてみましょう
f1-normal-a-160_no-language-model.wav.m4a,聞いていて退屈するネタと言えば、他人の自慢話。
f1-normal-a-232_no-language-model.wav.m4a,できれば屋内だけでなく、屋外での、利用も行う。
f1-happy-a-103_no-language-model.wav.m4a,その後、夫婦は、妻の方が、収入が高く、夫婦内で、うまくバランスが、取れているようですよ。
f1-happy-a-73_no-language-model.wav.m4a,伸び悩んでいるゴルファーには、先入観にとらわれず、ぜひ試してほしいアイテムだ。
f1-angry-a-0_no-language-model.wav.m4a,復讐すべき相手は、己のすぐ傍にいた。
f1-angry-a-5_no-language-model.wav.m4a,や、やっぱり音に、反応するのか・・・
f1-angry-a-89_no-language-model.wav.m4a,君は、こっから、遠い遠い宇宙の秩序の為に、厳正で公正なる抽選の結果、選ばれた、大切な『判定代理人』やねん
f1-normal-a-0_vocoder-only.wav.m4a,なら頭を外して、調べてみましょう
f1-normal-a-160_vocoder-only.wav.m4a,聞いていて退屈するネタと言えば、他人の自慢話。
f1-normal-a-232_vocoder-only.wav.m4a,できれば屋内だけでなく、屋外での、利用も行う。
f1-happy-a-103_vocoder-only.wav.m4a,その後、夫婦は、妻の方が、収入が高く、夫婦内で、うまくバランスが、取れているようですよ。
f1-happy-a-73_vocoder-only.wav.m4a,伸び悩んでいるゴルファーには、先入観にとらわれず、ぜひ試してほしいアイテムだ。
f1-angry-a-0_vocoder-only.wav.m4a,復讐すべき相手は、己のすぐ傍にいた。
f1-angry-a-5_vocoder-only.wav.m4a,や、やっぱり音に、反応するのか・・・
f1-angry-a-89_vocoder-only.wav.m4a,君は、こっから、遠い遠い宇宙の秩序の為に、厳正で公正なる抽選の結果、選ばれた、大切な『判定代理人』やねん